id,area,category,standard,whatItMeans,phase,responsibleRole,appliesToValueStreams,gdprArticles,sdlcGates
gdpr-001,Cybersecurity & ISO,Data Privacy (GDPR),Lawful Basis for Processing,"Every processing activity has one documented Art. 6 lawful basis (consent, contract, legal obligation, vital interests, public task, or legitimate interests) recorded before any personal data is collected; legitimate-interests basis requires a documented balancing test.",Build/Run,DPO / ISO Architect,"Technology Delivery & Change; Technology Strategy, Architecture & Delivery",Art. 6; Art. 5(1)(a),Requirements; Design
gdpr-002,Cybersecurity & ISO,Data Privacy (GDPR),Special Category Data Controls,"Health, biometric, genetic and other special-category data (e.g., medical evidence in claims and underwriting) is processed only under an Art. 9(2) condition with heightened safeguards, access controls, and logging.",Build/Run,DPO / ISO Architect,"Technology Delivery & Change; Cybersecurity, Identity & Resilience",Art. 9; Art. 10,Requirements; Design; Development; Testing
gdpr-003,Cybersecurity & ISO,Data Privacy (GDPR),Consent Management,"Where consent is the basis, capture freely-given, specific, informed, unambiguous opt-in; store consent records with timestamp and notice version; withdrawal is as easy as granting.",Build/Run,Application Security Lead / DPO,Technology Delivery & Change,Art. 7; Art. 8,Design; Development; Testing
gdpr-004,Cybersecurity & ISO,Data Privacy (GDPR),Transparency & Privacy Notices,"Art. 13/14 information is provided at or before collection in plain, layered language; the served notice version is recorded against the data subject.",Build,DPO / Product Owner,Technology Delivery & Change,Art. 12; Art. 13; Art. 14,Requirements; Design
gdpr-005,Cybersecurity & ISO,Data Privacy (GDPR),Purpose Limitation & Data Minimisation,Collect only data necessary for the stated purpose; every field has a documented purpose; the design rejects fields without one; no re-use for incompatible purposes.,Build,Enterprise Architect / DPO,"Technology Strategy, Architecture & Delivery; Technology Delivery & Change",Art. 5(1)(b); Art. 5(1)(c),Requirements; Design; Testing
gdpr-006,Cybersecurity & ISO,Data Privacy (GDPR),Storage Limitation & Retention,Per-data-category retention schedules are enforced; automated deletion or anonymisation occurs at end of retention; no indefinite storage of identifiable data.,Run,ISO Architect / Data Owner,"Cybersecurity, Identity & Resilience; Technology Delivery & Change",Art. 5(1)(e),Design; Development; Testing
gdpr-007,Cybersecurity & ISO,Data Privacy (GDPR),Accuracy & Rectification,Mechanisms keep personal data accurate and allow rectification of inaccurate data without undue delay (within one month of a request).,Build/Run,Application Security Lead,Technology Delivery & Change,Art. 5(1)(d); Art. 16,Design; Development; Testing
gdpr-008,Cybersecurity & ISO,Data Privacy (GDPR),Right of Access (DSAR),Data subjects can obtain confirmation of processing and a copy of their data plus processing metadata; fulfilment is machine-assisted and completes within one month.,Build/Run,DPO / Application Security Lead,Technology Delivery & Change,Art. 15; Art. 12,Design; Development; Testing
gdpr-009,Cybersecurity & ISO,Data Privacy (GDPR),Right to Erasure,"Verifiable deletion across primary stores, backups, caches, logs, and processors when erasure conditions are met; erasure/rectification is propagated to recipients (Art. 19).",Build/Run,ISO Architect / Application Security Lead,"Technology Delivery & Change; Cybersecurity, Identity & Resilience",Art. 17; Art. 19,Design; Development; Testing
gdpr-010,Cybersecurity & ISO,Data Privacy (GDPR),Right to Data Portability,"The subject's provided data is exportable in a structured, commonly used, machine-readable format (e.g., JSON/CSV); direct transmission to another controller where technically feasible.",Build/Run,Application Security Lead,Technology Delivery & Change,Art. 20,Design; Development; Testing
gdpr-011,Cybersecurity & ISO,Data Privacy (GDPR),Restriction & Objection,Processing-restriction flags and objection (including an absolute opt-out from direct marketing) are enforceable at the data layer and respected by downstream jobs.,Build/Run,Application Security Lead / DPO,Technology Delivery & Change,Art. 18; Art. 21,Design; Development; Testing
gdpr-012,Cybersecurity & ISO,Data Privacy (GDPR),Automated Decision-Making & Profiling,"For decisions based solely on automated processing with legal or similarly significant effects (e.g., automated underwriting, pricing, claims triage), establish a lawful ground, provide meaningful information about the logic, and offer human review and the ability to contest. Crosswalk to the EU AI Act high-risk obligations.",Build/Run,DPO / Chief Actuary / Enterprise Architect,"Technology Strategy, Architecture & Delivery; Technology Delivery & Change",Art. 22; Recital 71,Requirements; Design; Development; Testing
gdpr-013,Cybersecurity & ISO,Data Privacy (GDPR),Data Protection by Design & by Default,"Privacy controls (pseudonymisation, minimisation, access limits) are embedded into architecture from inception and the system defaults to the most privacy-protective settings.",Build,Enterprise Architect / ISO Architect,"Technology Strategy, Architecture & Delivery",Art. 25; Recital 78,Requirements; Design; Development
gdpr-014,Cybersecurity & ISO,Data Privacy (GDPR),Data Protection Impact Assessment (DPIA),A DPIA is completed and signed off before build for high-risk processing; prior consultation with the supervisory authority (Art. 36) occurs where residual risk remains high.,Build,DPO / ISO Architect,"Technology Strategy, Architecture & Delivery; Technology Delivery & Change",Art. 35; Art. 36,Requirements; Design
gdpr-015,Cybersecurity & ISO,Data Privacy (GDPR),Records of Processing Activities (RoPA),"A living inventory of processing activities, purposes, data categories, recipients, transfers, and retention is maintained and updated as systems change.",Run,DPO,"Cybersecurity, Identity & Resilience",Art. 30,Design; Run
gdpr-016,Cybersecurity & ISO,Data Privacy (GDPR),Security of Processing,"Risk-appropriate technical and organisational measures (encryption, pseudonymisation, confidentiality, integrity, availability, resilience, restore capability) are applied and their effectiveness is tested regularly. Links to the Encryption and Application Security standards.",Build/Run,ISO Architect,"Cybersecurity, Identity & Resilience; Technology Delivery & Change",Art. 32; Recital 83,Design; Development; Testing; Run
gdpr-017,Cybersecurity & ISO,Data Privacy (GDPR),Personal Data Breach Notification,"Breaches are detected, assessed, and notified to the supervisory authority within 72 hours where required, and to affected subjects without undue delay where high risk; a breach register is maintained.",Run,CISO / DPO,"Cybersecurity, Identity & Resilience",Art. 33; Art. 34,Design; Testing; Run
gdpr-018,Cybersecurity & ISO,Data Privacy (GDPR),Processor & DPA Management,"Processors and sub-processors are bound by Art. 28 data processing agreements with a documented authorisation chain, audit rights, and instruction-only processing.",Run,Vendor Security / Legal / DPO,"Cybersecurity, Identity & Resilience",Art. 28; Art. 29,Design; Run
gdpr-019,Cybersecurity & ISO,Data Privacy (GDPR),International Data Transfers,"Personal data leaves the EEA only under a valid mechanism (adequacy, SCCs, or BCRs) with a transfer impact assessment and supplementary measures where needed (post-Schrems II).",Build/Run,DPO / Enterprise Architect,"Technology Strategy, Architecture & Delivery; Cybersecurity, Identity & Resilience",Art. 44; Art. 45; Art. 46; Art. 47; Art. 49,Design; Run
gdpr-020,Cybersecurity & ISO,Data Privacy (GDPR),Data Protection Officer,"A DPO is designated, resourced, and independent, and is involved in all personal-data matters; the DPO is the contact point for the authority and data subjects.",Run,Executive / General Counsel,"Cybersecurity, Identity & Resilience",Art. 37; Art. 38; Art. 39,Run
gdpr-021,Cybersecurity & ISO,Data Privacy (GDPR),Accountability & Audit Evidence,"Compliance with every privacy control is demonstrable through documented policies, decision records, and audit-ready evidence captured automatically where possible. This is the accountability principle that makes evidence mandatory.",Run,DPO / ISO Architect,"Cybersecurity, Identity & Resilience; Technology Strategy, Architecture & Delivery",Art. 5(2); Art. 24,Requirements; Design; Development; Testing; Run
