id,area,category,standard,whatItMeans,phase,responsibleRole,appliesToValueStreams,nydfsSections,classAOnly,sdlcGates
nydfs-001,Cybersecurity & ISO,NYDFS 23 NYCRR 500 (Cybersecurity),Cybersecurity Program,"Maintain a risk-based cybersecurity program performing the six core functions (identify, protect, detect, respond, recover, and fulfil regulatory reporting). Class A companies must design and conduct independent audits of the program.",Run,CISO,"Cybersecurity, Identity & Resilience",500.2,false,Run
nydfs-002,Cybersecurity & ISO,NYDFS 23 NYCRR 500 (Cybersecurity),Cybersecurity Policy,"Maintain written cybersecurity policies approved at least annually by a senior officer or the senior governing body, covering data governance/classification/retention, asset inventory, access, BCDR, network security/monitoring, app security, vendor management, risk assessment, incident response, and vulnerability management.",Run,CISO,"Cybersecurity, Identity & Resilience",500.3,false,Run
nydfs-003,Cybersecurity & ISO,NYDFS 23 NYCRR 500 (Cybersecurity),Cybersecurity Governance & CISO Oversight,"Designate a CISO who reports in writing at least annually to the senior governing body and timely on material issues; the senior governing body exercises documented oversight of cyber risk (understanding, direction, review of reports, resourcing).",Run,CISO / Senior Governing Body,"Cybersecurity, Identity & Resilience",500.4,false,Run
nydfs-004,Cybersecurity & ISO,NYDFS 23 NYCRR 500 (Cybersecurity),Vulnerability Management,"Written policies ensuring penetration testing from inside and outside system boundaries by a qualified party at least annually, automated scans plus manual review at a risk-based cadence and after material changes, a monitoring process for new vulnerabilities, and timely risk-prioritized remediation. Class A: external expert involvement.",Build/Run,CISO / Application Security Lead,"Cybersecurity, Identity & Resilience; Technology Delivery & Change",500.5,false,Development; Testing; Run
nydfs-005,Cybersecurity & ISO,NYDFS 23 NYCRR 500 (Cybersecurity),Audit Trail,Maintain systems that reconstruct material financial transactions (retain at least 5 years) and audit trails that detect and respond to material cybersecurity events (retain at least 3 years).,Build/Run,ISO Architect,"Cybersecurity, Identity & Resilience; Technology Delivery & Change",500.6,false,Design; Development; Testing; Run
nydfs-006,Cybersecurity & ISO,NYDFS 23 NYCRR 500 (Cybersecurity),Access Privileges & Management,"Enforce least privilege; limit the number, scope, and use of privileged accounts; review all access at least annually and remove what is unnecessary; disable remote-control protocols; promptly terminate access on departure; maintain a password policy meeting industry standards. Class A: privileged-access management solution and automated blocking of commonly used passwords.",Build/Run,ISO Architect / Application Security Lead,"Cybersecurity, Identity & Resilience; Technology Delivery & Change",500.7,false,Design; Development; Testing; Run
nydfs-007,Cybersecurity & ISO,NYDFS 23 NYCRR 500 (Cybersecurity),Application Security (Secure SDLC),"Maintain written secure-development procedures, guidelines, and standards for in-house applications, and procedures to evaluate, assess, and test the security of externally developed applications; reviewed at least annually by the CISO or a qualified designee.",Build,Application Security Lead,"Technology Delivery & Change; Technology Strategy, Architecture & Delivery",500.8,false,Requirements; Design; Development; Testing
nydfs-008,Cybersecurity & ISO,NYDFS 23 NYCRR 500 (Cybersecurity),Risk Assessment,"Conduct a documented, periodic risk assessment that informs the program; review and update it at least annually and whenever a business or technology change materially changes cyber risk.",Run,CISO / CRO,"Cybersecurity, Identity & Resilience",500.9,false,Requirements; Run
nydfs-009,Cybersecurity & ISO,NYDFS 23 NYCRR 500 (Cybersecurity),Cybersecurity Personnel & Intelligence,"Use qualified cybersecurity personnel (in-house, affiliate, or provider) sufficient to manage risk; provide updates and training; verify key personnel maintain current threat and countermeasure knowledge.",Run,CISO,"Cybersecurity, Identity & Resilience",500.10,false,Run
nydfs-010,Cybersecurity & ISO,NYDFS 23 NYCRR 500 (Cybersecurity),Third-Party Service Provider Security,"Maintain written TPSP policies covering identification/risk assessment, minimum required practices, due diligence, and periodic reassessment; contractual guidelines on the provider's MFA, encryption, and breach-notice obligations.",Run,Vendor Security / CISO,"Cybersecurity, Identity & Resilience",500.11,false,Design; Run
nydfs-011,Cybersecurity & ISO,NYDFS 23 NYCRR 500 (Cybersecurity),Multi-Factor Authentication,"Require MFA for any individual accessing any information system (limited-exemption entities at minimum for remote access, remote third-party apps exposing NPI, and privileged accounts). CISO may approve equivalent or stronger compensating controls, reviewed at least annually.",Build/Run,ISO Architect,"Cybersecurity, Identity & Resilience; Technology Delivery & Change",500.12,false,Design; Development; Testing
nydfs-012,Cybersecurity & ISO,NYDFS 23 NYCRR 500 (Cybersecurity),Asset Inventory,"Maintain written policies that produce and keep a complete, accurate, documented asset inventory of information systems, tracking owner, location, classification/sensitivity, support-expiration date, and recovery-time objectives, plus the update/validation frequency.",Build/Run,ISO Architect,"Cybersecurity, Identity & Resilience; Technology Strategy, Architecture & Delivery",500.13(a),false,Design; Run
nydfs-013,Cybersecurity & ISO,NYDFS 23 NYCRR 500 (Cybersecurity),Data Retention & Secure Disposal,"Maintain policies for the secure periodic disposal of NPI (personal-identifier and health categories) that is no longer needed for business operations, unless retention is legally required or targeted disposal is not reasonably feasible.",Build/Run,ISO Architect / Data Owner,"Cybersecurity, Identity & Resilience; Technology Delivery & Change",500.13(b),false,Design; Development; Testing
nydfs-014,Cybersecurity & ISO,NYDFS 23 NYCRR 500 (Cybersecurity),Monitoring & Malicious-Code Protection,"Implement risk-based controls to monitor authorized-user activity and detect unauthorized access/use/tampering, and to protect against malicious code including web-traffic and email filtering. Class A: endpoint detection & response plus a centralized logging / security-event-alerting (SIEM) solution.",Build/Run,ISO Architect,"Cybersecurity, Identity & Resilience",500.14(a); 500.14(b),false,Design; Development; Run
nydfs-015,Cybersecurity & ISO,NYDFS 23 NYCRR 500 (Cybersecurity),Security Awareness Training,"Provide periodic, at least annual, cybersecurity awareness training that includes social engineering for all personnel, updated to reflect risks identified in the risk assessment.",Run,CISO / CHRO,"Cybersecurity, Identity & Resilience",500.14(a)(3),false,Run
nydfs-016,Cybersecurity & ISO,NYDFS 23 NYCRR 500 (Cybersecurity),Encryption of Nonpublic Information,"Maintain a written encryption policy meeting industry standards to protect NPI in transit over external networks and at rest; where at-rest encryption is infeasible, use CISO-approved compensating controls reviewed at least annually.",Build/Run,ISO Architect,"Cybersecurity, Identity & Resilience; Technology Delivery & Change",500.15,false,Design; Development; Testing; Run
nydfs-017,Cybersecurity & ISO,NYDFS 23 NYCRR 500 (Cybersecurity),Incident Response Plan,"Maintain a written incident response plan addressing goals, internal processes, roles and decision authority, communications, remediation, documentation, recovery from backups, and a root-cause analysis; covering disruptive events such as ransomware; tested at least annually.",Build/Run,CISO,"Cybersecurity, Identity & Resilience",500.16(a)(1),false,Design; Testing; Run
nydfs-018,Cybersecurity & ISO,NYDFS 23 NYCRR 500 (Cybersecurity),Business Continuity & Disaster Recovery,"Maintain written BCDR plans that ensure availability of information systems and material services; identify essential assets and personnel; maintain protected, offsite backups; distribute and train on the plans; test the plans and backup-restore at least annually.",Run,CISO / COO,"Cybersecurity, Identity & Resilience",500.16(a)(2); 500.16(d); 500.16(e),false,Design; Testing; Run
nydfs-019,Cybersecurity & ISO,NYDFS 23 NYCRR 500 (Cybersecurity),72-Hour Incident Notification,"Notify the superintendent electronically no later than 72 hours after determining a cybersecurity incident has occurred at the entity, an affiliate, or a third-party service provider, with a continuing duty to update.",Run,CISO,"Cybersecurity, Identity & Resilience",500.17(a),false,Design; Testing; Run
nydfs-020,Cybersecurity & ISO,NYDFS 23 NYCRR 500 (Cybersecurity),Extortion / Ransomware Payment Notice,"On an extortion payment, notify the superintendent within 24 hours and within 30 days provide a written description of why payment was necessary, alternatives considered, and OFAC compliance diligence.",Run,CISO / General Counsel,"Cybersecurity, Identity & Resilience",500.17(c),false,Run
nydfs-021,Cybersecurity & ISO,NYDFS 23 NYCRR 500 (Cybersecurity),Annual Certification of Material Compliance,"By April 15, submit either a Certification of Material Compliance (backed by sufficient data and documentation) or a written Acknowledgment of noncompliance identifying gaps and a remediation timeline; signed by the highest-ranking executive and the CISO; supporting records retained 5 years.",Run,Highest-Ranking Executive + CISO,"Cybersecurity, Identity & Resilience; Technology Strategy, Architecture & Delivery",500.17(b),false,Run
nydfs-022,Cybersecurity & ISO,NYDFS 23 NYCRR 500 (Cybersecurity),Nonpublic Information Classification,"Identify and classify Nonpublic Information (material business information; personal identifiers combined with SSN/licence/financial/security codes/biometrics; and health information) so that access, encryption, retention, monitoring, and audit-trail controls can be correctly scoped.",Build,ISO Architect / Data Owner,"Technology Delivery & Change; Technology Strategy, Architecture & Delivery",500.1(k); 500.3(b),false,Requirements; Design
